L_real,C_real,diametro_real,L_random_medio,C_random_medio,sigma_small_world
2.5859056018291686,0.013735059008273893,7,5.343682290816049,0.007987886140752383,3.553257046792432
