slope,gamma_estimado,r2
-0.7213998117592497,0.7213998117592497,0.40168693182416293
